"id","bonus_period_id","start_at","number"
"2022-01-31","2022-01-31","2022-01-31 00:00:00",1
"2022-02-07","2022-01-31","2022-02-07 00:00:00",2
"2022-02-14","2022-01-31","2022-02-14 00:00:00",3
"2022-02-21","2022-01-31","2022-02-21 00:00:00",4
"2022-02-28","2022-01-31","2022-02-28 00:00:00",5
"2022-03-07","2022-01-31","2022-03-07 00:00:00",6
"2022-03-14","2022-01-31","2022-03-14 00:00:00",7
"2022-03-21","2022-01-31","2022-03-21 00:00:00",8
"2022-03-28","2022-01-31","2022-03-28 00:00:00",9
"2022-04-04","2022-01-31","2022-04-04 00:00:00",10
"2022-04-11","2022-01-31","2022-04-11 00:00:00",11
"2022-04-18","2022-01-31","2022-04-18 00:00:00",12
"2022-04-25","2022-01-31","2022-04-25 00:00:00",13
